Title,Description,Estimate,Priority,Labels,Projects
"Centralized Configuration Management","Replace hard-coded values across files with centralized config system using pydantic-settings. Update transform.py, monitor.py, and validate_dataframework.py","3d","High","infrastructure,quick-win","Data Infrastructure"
"Comprehensive Test Suite Implementation","Add unit tests, integration tests, and performance benchmarks for all pipeline components. Target 80% coverage","5d","High","testing,quality","Data Infrastructure"
"Dead Letter Queue Implementation","Implement DLQ service for failed events with monitoring dashboard, replay mechanism, and audit trail","4d","Medium","reliability,data-quality","Data Infrastructure"
"Incremental Data Processing","Implement watermark tracking, CDC-based filtering, and incremental load functions to reduce processing time from 4hr to 30min","4d","Medium","performance,optimization","Data Infrastructure"
"Real-time Schema Validation","Create real-time schema validation service using great-expectations with drift detection and contract testing","3d","Medium","data-quality,validation","Data Infrastructure"
"CI/CD Pipeline Implementation","Set up GitHub Actions with automated testing, code quality checks, security scanning, and deployment gates","5d","High","automation,deployment","Data Infrastructure"
"Dockerization and Container Orchestration","Create Docker containers for all services, set up ECS/EKS, implement health checks and auto-scaling","6d","High","containerization,orchestration","Data Infrastructure"
"Infrastructure as Code Setup","Create Terraform modules for data warehouse, compute resources, networking, and monitoring infrastructure","7d","High","infrastructure,terraform","Data Infrastructure"
"Secrets Management Implementation","Set up AWS Secrets Manager, implement secret rotation, and refactor existing code to use secure secret management","3d","High","security,secrets","Data Infrastructure"
"Attribution Models Strategy Pattern","Refactor attribution logic to use Strategy pattern for different attribution models (first/last, linear, time-decay, Shapley)","4d","Medium","architecture,analytics","Data Infrastructure"
"Dependency Injection Implementation","Refactor existing code to use dependency injection for better testability and reduced coupling","3d","Medium","architecture,testing","Data Infrastructure"
"Circuit Breaker Implementation","Implement circuit breaker pattern for all external API calls with fallback mechanisms and monitoring","2d","Medium","reliability,error-handling","Data Infrastructure"
"Multi-Touch Attribution Implementation","Implement Shapley value attribution algorithm with data preprocessing, optimization, and model comparison dashboard","8d","Medium","analytics,machine-learning","Analytics Platform"
"Automated Cohort Analysis Engine","Build automated cohort generation, retention tracking, visualization tools, and performance prediction models","6d","Medium","analytics,cohort-analysis","Analytics Platform"
"LTV Prediction Model","Design and implement LTV prediction model with real-time scoring, feature engineering pipeline, and monitoring","10d","Medium","machine-learning,analytics","Analytics Platform"
"Session Replay Integration","Integrate session replay service, create correlation with analytics data, and build automated session analysis","5d","Low","analytics,user-behavior","Analytics Platform"
"Automated Funnel Analysis Framework","Create flexible funnel definition system, automated drop-off calculation, visualization tools, and optimization recommendations","7d","Medium","analytics,funnel-analysis","Analytics Platform"
"A/B Testing Statistical Framework","Implement statistical testing framework, automated monitoring, multi-variant test support, and results visualization","6d","Medium","analytics,ab-testing","Analytics Platform"
"Real-Time Event Streaming","Set up Kafka/Redpanda cluster, implement event producers/consumers, schema evolution, and monitoring","10d","Medium","streaming,real-time","Real-Time Platform"
"Data Versioning with Delta Lake","Implement time-travel queries, data versioning, change tracking, and rollback mechanisms","8d","Medium","data-versioning,lakehouse","Real-Time Platform"
"Stream Processing Implementation","Build real-time sessionization, attribution calculation, stream processing monitoring, and fault tolerance","12d","Medium","streaming,real-time","Real-Time Platform"
"Feature Store Implementation","Create feature engineering pipeline, feature versioning, real-time feature serving, and monitoring","8d","Low","machine-learning,feature-store","ML Platform"
"Churn Prediction Implementation","Design churn model, implement training pipeline, real-time scoring, and marketing integration","10d","Low","machine-learning,churn","ML Platform"
"ML Anomaly Detection","Implement anomaly detection algorithms, baseline models, real-time detection, and dashboard integration","6d","Low","machine-learning,anomaly-detection","ML Platform"
"Data Partitioning Implementation","Design partitioning strategy, implement in data warehouse, add optimization, and monitoring","5d","Medium","performance,partitioning","Performance"
"Materialized Views Implementation","Identify high-cost queries, create materialized views, add monitoring, and optimization","4d","Medium","performance,materialized-views","Performance"
"Query Optimization Implementation","Analyze query performance, implement indexing strategy, add monitoring, and optimization recommendations","6d","Medium","performance,optimization","Performance"
"Distributed Tracing Implementation","Set up tracing infrastructure, implement in all components, create dependency mapping, and performance monitoring","5d","Medium","observability,tracing","Monitoring"
"Business KPI Monitoring","Define KPIs, create real-time calculation, build dashboard, add anomaly detection, and reporting automation","6d","Medium","monitoring,business-metrics","Monitoring"
"Self-Healing Pipeline Implementation","Implement automated retries, circuit breakers, health monitoring, and recovery procedures","4d","Low","reliability,automation","Monitoring"
"Cost Monitoring Implementation","Implement cost tracking, anomaly detection, optimization recommendations, and governance","5d","Low","cost-optimization,monitoring","Monitoring"
"Data Encryption Implementation","Implement encryption for data warehouse and in-transit data, create key management, and compliance reporting","4d","High","security,encryption","Security"
"PII Data Protection","Implement PII detection, dynamic masking, access controls, and compliance monitoring","6d","High","security,privacy","Security"
"Comprehensive Audit Logging","Implement audit logging, analysis, monitoring, and compliance reporting for data access","4d","High","security,compliance","Security"
"GDPR Compliance Implementation","Implement right to deletion, data subject access requests, data portability, and compliance monitoring","7d","High","compliance,gdpr","Security"
"Automated Executive Reporting","Create automated report generation system, scheduling, distribution, and executive dashboard integration","5d","Medium","reporting,automation","Business Intelligence"
"Real-Time Alert Integration","Implement Slack/Teams integration for real-time alerts, escalation rules, and response workflows","3d","Medium","alerting,integration","Business Intelligence"
"Self-Service Analytics Platform","Build interactive dashboard framework with Tableau/PowerBI integration, self-service capabilities, and governance","8d","Medium","dashboards,analytics","Business Intelligence"
"AI Insight Generation","Implement GPT-4 powered insight summarization, trend detection, and automated executive summaries","6d","Low","ai,insights","Business Intelligence"
